model,localization_method,data_name,ablation_type,ratio,perc_mem,acc,ppl_clean,ppl_noise
1_layer_2000_epoch.pth,zero,mult,noise,0.1,0.0,0.2807808816432953,534.740234375,540.6253051757812
1_layer_2000_epoch.pth,zero,mult,ablate,0.1,0.0,0.4914117455482483,18.896928787231445,20.964147567749023
1_layer_2000_epoch.pth,zero,mult,mean,0.1,0.0,0.2811540365219116,525.51611328125,539.9110107421875
1_layer_2000_epoch.pth,zero,mult,noise,0.1,0.0,0.28160858154296875,531.3739624023438,537.747314453125
1_layer_2000_epoch.pth,zero,mult,ablate,0.1,0.0,0.4914117455482483,18.896928787231445,20.964147567749023
1_layer_2000_epoch.pth,zero,mult,mean,0.1,0.0,0.2810932993888855,528.1802368164062,540.140625
