step,perplexity,perc_mem
1000,64.125,0.011881188489496708
2000,31.5,0.03762376308441162
3000,24.984375,0.07920792698860168
