step,perplexity,perc_mem
1000,78.8125,0.003960396163165569
2000,32.09375,0.051485151052474976
3000,24.65625,0.08712871372699738
