step,perplexity,perc_mem
11000,16.3125,0.24752475321292877
22000,14.3203125,0.3584158420562744
33000,13.4375,0.39207923412323
44000,12.875,0.4554455578327179
55000,12.484375,0.5108910799026489
66000,12.1484375,0.5089108943939209
77000,11.8203125,0.6000000238418579
88000,11.5859375,0.6356436014175415
99000,11.3125,0.699009895324707
110000,11.140625,0.7405940890312195
121000,11.015625,0.7346534729003906
132000,10.984375,0.7584158778190613
