step,perplexity,perc_mem
1000,"[[...], [...], [...]]",0.011881188489496708
2000,"[[...], [...], [...]]",0.03762376308441162
3000,"[[...], [...], [...]]",0.07920792698860168
