step,perplexity,perc_mem
11000,17.15625,0.18415841460227966
22000,15.3671875,0.2574257552623749
33000,14.578125,0.27326732873916626
44000,14.0859375,0.3386138677597046
55000,13.6953125,0.33663368225097656
66000,13.3984375,0.3782178461551666
77000,13.171875,0.41386139392852783
88000,12.921875,0.44158416986465454
99000,12.6484375,0.43564358353614807
110000,12.453125,0.500990092754364
121000,12.328125,0.5029703378677368
132000,12.2890625,0.5069307088851929
143000,12.25,0.5346534848213196
