step,perplexity,perc_mem
1000,"[[...], [...], [...]]",0.003960396163165569
2000,"[[...], [...], [...]]",0.051485151052474976
3000,"[[...], [...], [...]]",0.08712871372699738
